,FIPS,county
0,01000,Alabama
1,01001,Autauga
2,01003,Baldwin
3,01005,Barbour
4,01007,Bibb
5,01009,Blount
6,01011,Bullock
7,01013,Butler
8,01015,Calhoun
9,01017,Chambers
10,01019,Cherokee
11,01021,Chilton
12,01023,Choctaw
13,01025,Clarke
14,01027,Clay
15,01029,Cleburne
16,01031,Coffee
17,01033,Colbert
18,01035,Conecuh
19,01037,Coosa
20,01039,Covington
21,01041,Crenshaw
22,01043,Cullman
23,01045,Dale
24,01047,Dallas
25,01049,DeKalb
26,01051,Elmore
27,01053,Escambia
28,01055,Etowah
29,01057,Fayette
30,01059,Franklin
31,01061,Geneva
32,01063,Greene
33,01065,Hale
34,01067,Henry
35,01069,Houston
36,01071,Jackson
37,01073,Jefferson
38,01075,Lamar
39,01077,Lauderdale
40,01079,Lawrence
41,01081,Lee
42,01083,Limestone
43,01085,Lowndes
44,01087,Macon
45,01089,Madison
46,01091,Marengo
47,01093,Marion
48,01095,Marshall
49,01097,Mobile
50,01099,Monroe
51,01101,Montgomery
52,01103,Morgan
53,01105,Perry
54,01107,Pickens
55,01109,Pike
56,01111,Randolph
57,01113,Russell
58,01115,St. Clair
59,01117,Shelby
60,01119,Sumter
61,01121,Talladega
62,01123,Tallapoosa
63,01125,Tuscaloosa
64,01127,Walker
65,01129,Washington
66,01131,Wilcox
67,01133,Winston
68,02000,Alaska
69,02013,Aleutians East Borough
70,02016,Aleutians West Census Area
71,02020,Anchorage Borough
72,02050,Bethel Census Area
73,02060,Bristol Bay Borough
74,02068,Denali Borough
75,02070,Dillingham Census Area
76,02090,Fairbanks North Star Borough
77,02100,Haines Borough
78,02110,Juneau Borough
79,02122,Kenai Peninsula Borough
80,02130,Ketchikan Gateway Borough
81,02150,Kodiak Island Borough
82,02164,Lake and Peninsula Borough
83,02170,Matanuska-Susitna Borough
84,02180,Nome Census Area
85,02185,North Slope Borough
86,02188,Northwest Arctic Borough
87,02201,Prince of Wales-Outer Ketchikan Census Area
88,02220,Sitka Borough
89,02231,Skagway-Yakutat-Angoon Census Area
90,02232,Skagway-Hoonah-Angoon Census Area
91,02240,Southeast Fairbanks Census Area
92,02261,Valdez-Cordova Census Area
93,02270,Wade Hampton Census Area
94,02280,Wrangell-Petersburg Census Area
95,02282,Yakutat Borough
96,02290,Yukon-Koyukuk Census Area
97,04000,Arizona
98,04001,Apache
99,04003,Cochise
100,04005,Coconino
101,04007,Gila
102,04009,Graham
103,04011,Greenlee
104,04012,La Paz
105,04013,Maricopa
106,04015,Mohave
107,04017,Navajo
108,04019,Pima
109,04021,Pinal
110,04023,Santa Cruz
111,04025,Yavapai
112,04027,Yuma
113,05000,Arkansas
114,05001,Arkansas
115,05003,Ashley
116,05005,Baxter
117,05007,Benton
118,05009,Boone
119,05011,Bradley
120,05013,Calhoun
121,05015,Carroll
122,05017,Chicot
123,05019,Clark
124,05021,Clay
125,05023,Cleburne
126,05025,Cleveland
127,05027,Columbia
128,05029,Conway
129,05031,Craighead
130,05033,Crawford
131,05035,Crittenden
132,05037,Cross
133,05039,Dallas
134,05041,Desha
135,05043,Drew
136,05045,Faulkner
137,05047,Franklin
138,05049,Fulton
139,05051,Garland
140,05053,Grant
141,05055,Greene
142,05057,Hempstead
143,05059,Hot Spring
144,05061,Howard
145,05063,Independence
146,05065,Izard
147,05067,Jackson
148,05069,Jefferson
149,05071,Johnson
150,05073,Lafayette
151,05075,Lawrence
152,05077,Lee
153,05079,Lincoln
154,05081,Little River
155,05083,Logan
156,05085,Lonoke
157,05087,Madison
158,05089,Marion
159,05091,Miller
160,05093,Mississippi
161,05095,Monroe
162,05097,Montgomery
163,05099,Nevada
164,05101,Newton
165,05103,Ouachita
166,05105,Perry
167,05107,Phillips
168,05109,Pike
169,05111,Poinsett
170,05113,Polk
171,05115,Pope
172,05117,Prairie
173,05119,Pulaski
174,05121,Randolph
175,05123,St. Francis
176,05125,Saline
177,05127,Scott
178,05129,Searcy
179,05131,Sebastian
180,05133,Sevier
181,05135,Sharp
182,05137,Stone
183,05139,Union
184,05141,Van Buren
185,05143,Washington
186,05145,White
187,05147,Woodruff
188,05149,Yell
189,06000,California
190,06001,Alameda
191,06003,Alpine
192,06005,Amador
193,06007,Butte
194,06009,Calaveras
195,06011,Colusa
196,06013,Contra Costa
197,06015,Del Norte
198,06017,El Dorado
199,06019,Fresno
200,06021,Glenn
201,06023,Humboldt
202,06025,Imperial
203,06027,Inyo
204,06029,Kern
205,06031,Kings
206,06033,Lake
207,06035,Lassen
208,06037,Los Angeles
209,06039,Madera
210,06041,Marin
211,06043,Mariposa
212,06045,Mendocino
213,06047,Merced
214,06049,Modoc
215,06051,Mono
216,06053,Monterey
217,06055,Napa
218,06057,Nevada
219,06059,Orange
220,06061,Placer
221,06063,Plumas
222,06065,Riverside
223,06067,Sacramento
224,06069,San Benito
225,06071,San Bernardino
226,06073,San Diego
227,06075,San Francisco
228,06077,San Joaquin
229,06079,San Luis Obispo
230,06081,San Mateo
231,06083,Santa Barbara
232,06085,Santa Clara
233,06087,Santa Cruz
234,06089,Shasta
235,06091,Sierra
236,06093,Siskiyou
237,06095,Solano
238,06097,Sonoma
239,06099,Stanislaus
240,06101,Sutter
241,06103,Tehama
242,06105,Trinity
243,06107,Tulare
244,06109,Tuolumne
245,06111,Ventura
246,06113,Yolo
247,06115,Yuba
248,08000,Colorado
249,08001,Adams
250,08003,Alamosa
251,08005,Arapahoe
252,08007,Archuleta
253,08009,Baca
254,08011,Bent
255,08013,Boulder
256,08015,Chaffee
257,08017,Cheyenne
258,08019,Clear Creek
259,08021,Conejos
260,08023,Costilla
261,08025,Crowley
262,08027,Custer
263,08029,Delta
264,08031,Denver
265,08033,Dolores
266,08035,Douglas
267,08037,Eagle
268,08039,Elbert
269,08041,El Paso
270,08043,Fremont
271,08045,Garfield
272,08047,Gilpin
273,08049,Grand
274,08051,Gunnison
275,08053,Hinsdale
276,08055,Huerfano
277,08057,Jackson
278,08059,Jefferson
279,08061,Kiowa
280,08063,Kit Carson
281,08065,Lake
282,08067,La Plata
283,08069,Larimer
284,08071,Las Animas
285,08073,Lincoln
286,08075,Logan
287,08077,Mesa
288,08079,Mineral
289,08081,Moffat
290,08083,Montezuma
291,08085,Montrose
292,08087,Morgan
293,08089,Otero
294,08091,Ouray
295,08093,Park
296,08095,Phillips
297,08097,Pitkin
298,08099,Prowers
299,08101,Pueblo
300,08103,Rio Blanco
301,08105,Rio Grande
302,08107,Routt
303,08109,Saguache
304,08111,San Juan
305,08113,San Miguel
306,08115,Sedgwick
307,08117,Summit
308,08119,Teller
309,08121,Washington
310,08123,Weld
311,08125,Yuma
312,09000,Connecticut
313,09001,Fairfield
314,09003,Hartford
315,09005,Litchfield
316,09007,Middlesex
317,09009,New Haven
318,09011,New London
319,09013,Tolland
320,09015,Windham
321,10000,Delaware
322,10001,Kent
323,10003,New Castle
324,10005,Sussex
325,11000,District of Columbia
326,11001,District of Columbia
327,12000,Florida
328,12001,Alachua
329,12003,Baker
330,12005,Bay
331,12007,Bradford
332,12009,Brevard
333,12011,Broward
334,12013,Calhoun
335,12015,Charlotte
336,12017,Citrus
337,12019,Clay
338,12021,Collier
339,12023,Columbia
340,12025,Dade
341,12027,DeSoto
342,12029,Dixie
343,12031,Duval
344,12033,Escambia
345,12035,Flagler
346,12037,Franklin
347,12039,Gadsden
348,12041,Gilchrist
349,12043,Glades
350,12045,Gulf
351,12047,Hamilton
352,12049,Hardee
353,12051,Hendry
354,12053,Hernando
355,12055,Highlands
356,12057,Hillsborough
357,12059,Holmes
358,12061,Indian River
359,12063,Jackson
360,12065,Jefferson
361,12067,Lafayette
362,12069,Lake
363,12071,Lee
364,12073,Leon
365,12075,Levy
366,12077,Liberty
367,12079,Madison
368,12081,Manatee
369,12083,Marion
370,12085,Martin
371,12087,Monroe
372,12089,Nassau
373,12091,Okaloosa
374,12093,Okeechobee
375,12095,Orange
376,12097,Osceola
377,12099,Palm Beach
378,12101,Pasco
379,12103,Pinellas
380,12105,Polk
381,12107,Putnam
382,12109,St. Johns
383,12111,St. Lucie
384,12113,Santa Rosa
385,12115,Sarasota
386,12117,Seminole
387,12119,Sumter
388,12121,Suwannee
389,12123,Taylor
390,12125,Union
391,12127,Volusia
392,12129,Wakulla
393,12131,Walton
394,12133,Washington
395,13000,Georgia
396,13001,Appling
397,13003,Atkinson
398,13005,Bacon
399,13007,Baker
400,13009,Baldwin
401,13011,Banks
402,13013,Barrow
403,13015,Bartow
404,13017,Ben Hill
405,13019,Berrien
406,13021,Bibb
407,13023,Bleckley
408,13025,Brantley
409,13027,Brooks
410,13029,Bryan
411,13031,Bulloch
412,13033,Burke
413,13035,Butts
414,13037,Calhoun
415,13039,Camden
416,13043,Candler
417,13045,Carroll
418,13047,Catoosa
419,13049,Charlton
420,13051,Chatham
421,13053,Chattahoochee
422,13055,Chattooga
423,13057,Cherokee
424,13059,Clarke
425,13061,Clay
426,13063,Clayton
427,13065,Clinch
428,13067,Cobb
429,13069,Coffee
430,13071,Colquitt
431,13073,Columbia
432,13075,Cook
433,13077,Coweta
434,13079,Crawford
435,13081,Crisp
436,13083,Dade
437,13085,Dawson
438,13087,Decatur
439,13089,DeKalb
440,13091,Dodge
441,13093,Dooly
442,13095,Dougherty
443,13097,Douglas
444,13099,Early
445,13101,Echols
446,13103,Effingham
447,13105,Elbert
448,13107,Emanuel
449,13109,Evans
450,13111,Fannin
451,13113,Fayette
452,13115,Floyd
453,13117,Forsyth
454,13119,Franklin
455,13121,Fulton
456,13123,Gilmer
457,13125,Glascock
458,13127,Glynn
459,13129,Gordon
460,13131,Grady
461,13133,Greene
462,13135,Gwinnett
463,13137,Habersham
464,13139,Hall
465,13141,Hancock
466,13143,Haralson
467,13145,Harris
468,13147,Hart
469,13149,Heard
470,13151,Henry
471,13153,Houston
472,13155,Irwin
473,13157,Jackson
474,13159,Jasper
475,13161,Jeff Davis
476,13163,Jefferson
477,13165,Jenkins
478,13167,Johnson
479,13169,Jones
480,13171,Lamar
481,13173,Lanier
482,13175,Laurens
483,13177,Lee
484,13179,Liberty
485,13181,Lincoln
486,13183,Long
487,13185,Lowndes
488,13187,Lumpkin
489,13189,McDuffie
490,13191,McIntosh
491,13193,Macon
492,13195,Madison
493,13197,Marion
494,13199,Meriwether
495,13201,Miller
496,13205,Mitchell
497,13207,Monroe
498,13209,Montgomery
499,13211,Morgan
500,13213,Murray
501,13215,Muscogee
502,13217,Newton
503,13219,Oconee
504,13221,Oglethorpe
505,13223,Paulding
506,13225,Peach
507,13227,Pickens
508,13229,Pierce
509,13231,Pike
510,13233,Polk
511,13235,Pulaski
512,13237,Putnam
513,13239,Quitman
514,13241,Rabun
515,13243,Randolph
516,13245,Richmond
517,13247,Rockdale
518,13249,Schley
519,13251,Screven
520,13253,Seminole
521,13255,Spalding
522,13257,Stephens
523,13259,Stewart
524,13261,Sumter
525,13263,Talbot
526,13265,Taliaferro
527,13267,Tattnall
528,13269,Taylor
529,13271,Telfair
530,13273,Terrell
531,13275,Thomas
532,13277,Tift
533,13279,Toombs
534,13281,Towns
535,13283,Treutlen
536,13285,Troup
537,13287,Turner
538,13289,Twiggs
539,13291,Union
540,13293,Upson
541,13295,Walker
542,13297,Walton
543,13299,Ware
544,13301,Warren
545,13303,Washington
546,13305,Wayne
547,13307,Webster
548,13309,Wheeler
549,13311,White
550,13313,Whitfield
551,13315,Wilcox
552,13317,Wilkes
553,13319,Wilkinson
554,13321,Worth
555,15000,Hawaii
556,15001,Hawaii
557,15003,Honolulu
558,15005,Kalawao
559,15007,Kauai
560,15009,Maui
561,16000,Idaho
562,16001,Ada
563,16003,Adams
564,16005,Bannock
565,16007,Bear Lake
566,16009,Benewah
567,16011,Bingham
568,16013,Blaine
569,16015,Boise
570,16017,Bonner
571,16019,Bonneville
572,16021,Boundary
573,16023,Butte
574,16025,Camas
575,16027,Canyon
576,16029,Caribou
577,16031,Cassia
578,16033,Clark
579,16035,Clearwater
580,16037,Custer
581,16039,Elmore
582,16041,Franklin
583,16043,Fremont
584,16045,Gem
585,16047,Gooding
586,16049,Idaho
587,16051,Jefferson
588,16053,Jerome
589,16055,Kootenai
590,16057,Latah
591,16059,Lemhi
592,16061,Lewis
593,16063,Lincoln
594,16065,Madison
595,16067,Minidoka
596,16069,Nez Perce
597,16071,Oneida
598,16073,Owyhee
599,16075,Payette
600,16077,Power
601,16079,Shoshone
602,16081,Teton
603,16083,Twin Falls
604,16085,Valley
605,16087,Washington
606,17000,Illinois
607,17001,Adams
608,17003,Alexander
609,17005,Bond
610,17007,Boone
611,17009,Brown
612,17011,Bureau
613,17013,Calhoun
614,17015,Carroll
615,17017,Cass
616,17019,Champaign
617,17021,Christian
618,17023,Clark
619,17025,Clay
620,17027,Clinton
621,17029,Coles
622,17031,Cook
623,17033,Crawford
624,17035,Cumberland
625,17037,DeKalb
626,17039,De Witt
627,17041,Douglas
628,17043,DuPage
629,17045,Edgar
630,17047,Edwards
631,17049,Effingham
632,17051,Fayette
633,17053,Ford
634,17055,Franklin
635,17057,Fulton
636,17059,Gallatin
637,17061,Greene
638,17063,Grundy
639,17065,Hamilton
640,17067,Hancock
641,17069,Hardin
642,17071,Henderson
643,17073,Henry
644,17075,Iroquois
645,17077,Jackson
646,17079,Jasper
647,17081,Jefferson
648,17083,Jersey
649,17085,Jo Daviess
650,17087,Johnson
651,17089,Kane
652,17091,Kankakee
653,17093,Kendall
654,17095,Knox
655,17097,Lake
656,17099,La Salle
657,17101,Lawrence
658,17103,Lee
659,17105,Livingston
660,17107,Logan
661,17109,McDonough
662,17111,McHenry
663,17113,McLean
664,17115,Macon
665,17117,Macoupin
666,17119,Madison
667,17121,Marion
668,17123,Marshall
669,17125,Mason
670,17127,Massac
671,17129,Menard
672,17131,Mercer
673,17133,Monroe
674,17135,Montgomery
675,17137,Morgan
676,17139,Moultrie
677,17141,Ogle
678,17143,Peoria
679,17145,Perry
680,17147,Piatt
681,17149,Pike
682,17151,Pope
683,17153,Pulaski
684,17155,Putnam
685,17157,Randolph
686,17159,Richland
687,17161,Rock Island
688,17163,St. Clair
689,17165,Saline
690,17167,Sangamon
691,17169,Schuyler
692,17171,Scott
693,17173,Shelby
694,17175,Stark
695,17177,Stephenson
696,17179,Tazewell
697,17181,Union
698,17183,Vermilion
699,17185,Wabash
700,17187,Warren
701,17189,Washington
702,17191,Wayne
703,17193,White
704,17195,Whiteside
705,17197,Will
706,17199,Williamson
707,17201,Winnebago
708,17203,Woodford
709,18000,Indiana
710,18001,Adams
711,18003,Allen
712,18005,Bartholomew
713,18007,Benton
714,18009,Blackford
715,18011,Boone
716,18013,Brown
717,18015,Carroll
718,18017,Cass
719,18019,Clark
720,18021,Clay
721,18023,Clinton
722,18025,Crawford
723,18027,Daviess
724,18029,Dearborn
725,18031,Decatur
726,18033,De Kalb
727,18035,Delaware
728,18037,Dubois
729,18039,Elkhart
730,18041,Fayette
731,18043,Floyd
732,18045,Fountain
733,18047,Franklin
734,18049,Fulton
735,18051,Gibson
736,18053,Grant
737,18055,Greene
738,18057,Hamilton
739,18059,Hancock
740,18061,Harrison
741,18063,Hendricks
742,18065,Henry
743,18067,Howard
744,18069,Huntington
745,18071,Jackson
746,18073,Jasper
747,18075,Jay
748,18077,Jefferson
749,18079,Jennings
750,18081,Johnson
751,18083,Knox
752,18085,Kosciusko
753,18087,Lagrange
754,18089,Lake
755,18091,La Porte
756,18093,Lawrence
757,18095,Madison
758,18097,Marion
759,18099,Marshall
760,18101,Martin
761,18103,Miami
762,18105,Monroe
763,18107,Montgomery
764,18109,Morgan
765,18111,Newton
766,18113,Noble
767,18115,Ohio
768,18117,Orange
769,18119,Owen
770,18121,Parke
771,18123,Perry
772,18125,Pike
773,18127,Porter
774,18129,Posey
775,18131,Pulaski
776,18133,Putnam
777,18135,Randolph
778,18137,Ripley
779,18139,Rush
780,18141,St. Joseph
781,18143,Scott
782,18145,Shelby
783,18147,Spencer
784,18149,Starke
785,18151,Steuben
786,18153,Sullivan
787,18155,Switzerland
788,18157,Tippecanoe
789,18159,Tipton
790,18161,Union
791,18163,Vanderburgh
792,18165,Vermillion
793,18167,Vigo
794,18169,Wabash
795,18171,Warren
796,18173,Warrick
797,18175,Washington
798,18177,Wayne
799,18179,Wells
800,18181,White
801,18183,Whitley
802,19000,Iowa
803,19001,Adair
804,19003,Adams
805,19005,Allamakee
806,19007,Appanoose
807,19009,Audubon
808,19011,Benton
809,19013,Black Hawk
810,19015,Boone
811,19017,Bremer
812,19019,Buchanan
813,19021,Buena Vista
814,19023,Butler
815,19025,Calhoun
816,19027,Carroll
817,19029,Cass
818,19031,Cedar
819,19033,Cerro Gordo
820,19035,Cherokee
821,19037,Chickasaw
822,19039,Clarke
823,19041,Clay
824,19043,Clayton
825,19045,Clinton
826,19047,Crawford
827,19049,Dallas
828,19051,Davis
829,19053,Decatur
830,19055,Delaware
831,19057,Des Moines
832,19059,Dickinson
833,19061,Dubuque
834,19063,Emmet
835,19065,Fayette
836,19067,Floyd
837,19069,Franklin
838,19071,Fremont
839,19073,Greene
840,19075,Grundy
841,19077,Guthrie
842,19079,Hamilton
843,19081,Hancock
844,19083,Hardin
845,19085,Harrison
846,19087,Henry
847,19089,Howard
848,19091,Humboldt
849,19093,Ida
850,19095,Iowa
851,19097,Jackson
852,19099,Jasper
853,19101,Jefferson
854,19103,Johnson
855,19105,Jones
856,19107,Keokuk
857,19109,Kossuth
858,19111,Lee
859,19113,Linn
860,19115,Louisa
861,19117,Lucas
862,19119,Lyon
863,19121,Madison
864,19123,Mahaska
865,19125,Marion
866,19127,Marshall
867,19129,Mills
868,19131,Mitchell
869,19133,Monona
870,19135,Monroe
871,19137,Montgomery
872,19139,Muscatine
873,19141,O
874,19143,Osceola
875,19145,Page
876,19147,Palo Alto
877,19149,Plymouth
878,19151,Pocahontas
879,19153,Polk
880,19155,Pottawattamie
881,19157,Poweshiek
882,19159,Ringgold
883,19161,Sac
884,19163,Scott
885,19165,Shelby
886,19167,Sioux
887,19169,Story
888,19171,Tama
889,19173,Taylor
890,19175,Union
891,19177,Van Buren
892,19179,Wapello
893,19181,Warren
894,19183,Washington
895,19185,Wayne
896,19187,Webster
897,19189,Winnebago
898,19191,Winneshiek
899,19193,Woodbury
900,19195,Worth
901,19197,Wright
902,20000,Kansas
903,20001,Allen
904,20003,Anderson
905,20005,Atchison
906,20007,Barber
907,20009,Barton
908,20011,Bourbon
909,20013,Brown
910,20015,Butler
911,20017,Chase
912,20019,Chautauqua
913,20021,Cherokee
914,20023,Cheyenne
915,20025,Clark
916,20027,Clay
917,20029,Cloud
918,20031,Coffey
919,20033,Comanche
920,20035,Cowley
921,20037,Crawford
922,20039,Decatur
923,20041,Dickinson
924,20043,Doniphan
925,20045,Douglas
926,20047,Edwards
927,20049,Elk
928,20051,Ellis
929,20053,Ellsworth
930,20055,Finney
931,20057,Ford
932,20059,Franklin
933,20061,Geary
934,20063,Gove
935,20065,Graham
936,20067,Grant
937,20069,Gray
938,20071,Greeley
939,20073,Greenwood
940,20075,Hamilton
941,20077,Harper
942,20079,Harvey
943,20081,Haskell
944,20083,Hodgeman
945,20085,Jackson
946,20087,Jefferson
947,20089,Jewell
948,20091,Johnson
949,20093,Kearny
950,20095,Kingman
951,20097,Kiowa
952,20099,Labette
953,20101,Lane
954,20103,Leavenworth
955,20105,Lincoln
956,20107,Linn
957,20109,Logan
958,20111,Lyon
959,20113,McPherson
960,20115,Marion
961,20117,Marshall
962,20119,Meade
963,20121,Miami
964,20123,Mitchell
965,20125,Montgomery
966,20127,Morris
967,20129,Morton
968,20131,Nemaha
969,20133,Neosho
970,20135,Ness
971,20137,Norton
972,20139,Osage
973,20141,Osborne
974,20143,Ottawa
975,20145,Pawnee
976,20147,Phillips
977,20149,Pottawatomie
978,20151,Pratt
979,20153,Rawlins
980,20155,Reno
981,20157,Republic
982,20159,Rice
983,20161,Riley
984,20163,Rooks
985,20165,Rush
986,20167,Russell
987,20169,Saline
988,20171,Scott
989,20173,Sedgwick
990,20175,Seward
991,20177,Shawnee
992,20179,Sheridan
993,20181,Sherman
994,20183,Smith
995,20185,Stafford
996,20187,Stanton
997,20189,Stevens
998,20191,Sumner
999,20193,Thomas
1000,20195,Trego
1001,20197,Wabaunsee
1002,20199,Wallace
1003,20201,Washington
1004,20203,Wichita
1005,20205,Wilson
1006,20207,Woodson
1007,20209,Wyandotte
1008,21000,Kentucky
1009,21001,Adair
1010,21003,Allen
1011,21005,Anderson
1012,21007,Ballard
1013,21009,Barren
1014,21011,Bath
1015,21013,Bell
1016,21015,Boone
1017,21017,Bourbon
1018,21019,Boyd
1019,21021,Boyle
1020,21023,Bracken
1021,21025,Breathitt
1022,21027,Breckinridge
1023,21029,Bullitt
1024,21031,Butler
1025,21033,Caldwell
1026,21035,Calloway
1027,21037,Campbell
1028,21039,Carlisle
1029,21041,Carroll
1030,21043,Carter
1031,21045,Casey
1032,21047,Christian
1033,21049,Clark
1034,21051,Clay
1035,21053,Clinton
1036,21055,Crittenden
1037,21057,Cumberland
1038,21059,Daviess
1039,21061,Edmonson
1040,21063,Elliott
1041,21065,Estill
1042,21067,Fayette
1043,21069,Fleming
1044,21071,Floyd
1045,21073,Franklin
1046,21075,Fulton
1047,21077,Gallatin
1048,21079,Garrard
1049,21081,Grant
1050,21083,Graves
1051,21085,Grayson
1052,21087,Green
1053,21089,Greenup
1054,21091,Hancock
1055,21093,Hardin
1056,21095,Harlan
1057,21097,Harrison
1058,21099,Hart
1059,21101,Henderson
1060,21103,Henry
1061,21105,Hickman
1062,21107,Hopkins
1063,21109,Jackson
1064,21111,Jefferson
1065,21113,Jessamine
1066,21115,Johnson
1067,21117,Kenton
1068,21119,Knott
1069,21121,Knox
1070,21123,Larue
1071,21125,Laurel
1072,21127,Lawrence
1073,21129,Lee
1074,21131,Leslie
1075,21133,Letcher
1076,21135,Lewis
1077,21137,Lincoln
1078,21139,Livingston
1079,21141,Logan
1080,21143,Lyon
1081,21145,McCracken
1082,21147,McCreary
1083,21149,McLean
1084,21151,Madison
1085,21153,Magoffin
1086,21155,Marion
1087,21157,Marshall
1088,21159,Martin
1089,21161,Mason
1090,21163,Meade
1091,21165,Menifee
1092,21167,Mercer
1093,21169,Metcalfe
1094,21171,Monroe
1095,21173,Montgomery
1096,21175,Morgan
1097,21177,Muhlenberg
1098,21179,Nelson
1099,21181,Nicholas
1100,21183,Ohio
1101,21185,Oldham
1102,21187,Owen
1103,21189,Owsley
1104,21191,Pendleton
1105,21193,Perry
1106,21195,Pike
1107,21197,Powell
1108,21199,Pulaski
1109,21201,Robertson
1110,21203,Rockcastle
1111,21205,Rowan
1112,21207,Russell
1113,21209,Scott
1114,21211,Shelby
1115,21213,Simpson
1116,21215,Spencer
1117,21217,Taylor
1118,21219,Todd
1119,21221,Trigg
1120,21223,Trimble
1121,21225,Union
1122,21227,Warren
1123,21229,Washington
1124,21231,Wayne
1125,21233,Webster
1126,21235,Whitley
1127,21237,Wolfe
1128,21239,Woodford
1129,22000,Louisiana
1130,22001,Acadia Parish
1131,22003,Allen Parish
1132,22005,Ascension Parish
1133,22007,Assumption Parish
1134,22009,Avoyelles Parish
1135,22011,Beauregard Parish
1136,22013,Bienville Parish
1137,22015,Bossier Parish
1138,22017,Caddo Parish
1139,22019,Calcasieu Parish
1140,22021,Caldwell Parish
1141,22023,Cameron Parish
1142,22025,Catahoula Parish
1143,22027,Claiborne Parish
1144,22029,Concordia Parish
1145,22031,De Soto Parish
1146,22033,East Baton Rouge Parish
1147,22035,East Carroll Parish
1148,22037,East Feliciana Parish
1149,22039,Evangeline Parish
1150,22041,Franklin Parish
1151,22043,Grant Parish
1152,22045,Iberia Parish
1153,22047,Iberville Parish
1154,22049,Jackson Parish
1155,22051,Jefferson Parish
1156,22053,Jefferson Davis Parish
1157,22055,Lafayette Parish
1158,22057,Lafourche Parish
1159,22059,La Salle Parish
1160,22061,Lincoln Parish
1161,22063,Livingston Parish
1162,22065,Madison Parish
1163,22067,Morehouse Parish
1164,22069,Natchitoches Parish
1165,22071,Orleans Parish
1166,22073,Ouachita Parish
1167,22075,Plaquemines Parish
1168,22077,Pointe Coupee Parish
1169,22079,Rapides Parish
1170,22081,Red River Parish
1171,22083,Richland Parish
1172,22085,Sabine Parish
1173,22087,St. Bernard Parish
1174,22089,St. Charles Parish
1175,22091,St. Helena Parish
1176,22093,St. James Parish
1177,22095,St. John the Baptist Parish
1178,22097,St. Landry Parish
1179,22099,St. Martin Parish
1180,22101,St. Mary Parish
1181,22103,St. Tammany Parish
1182,22105,Tangipahoa Parish
1183,22107,Tensas Parish
1184,22109,Terrebonne Parish
1185,22111,Union Parish
1186,22113,Vermilion Parish
1187,22115,Vernon Parish
1188,22117,Washington Parish
1189,22119,Webster Parish
1190,22121,West Baton Rouge Parish
1191,22123,West Carroll Parish
1192,22125,West Feliciana Parish
1193,22127,Winn Parish
1194,23000,Maine
1195,23001,Androscoggin
1196,23003,Aroostook
1197,23005,Cumberland
1198,23007,Franklin
1199,23009,Hancock
1200,23011,Kennebec
1201,23013,Knox
1202,23015,Lincoln
1203,23017,Oxford
1204,23019,Penobscot
1205,23021,Piscataquis
1206,23023,Sagadahoc
1207,23025,Somerset
1208,23027,Waldo
1209,23029,Washington
1210,23031,York
1211,24000,Maryland
1212,24001,Allegany
1213,24003,Anne Arundel
1214,24005,Baltimore
1215,24009,Calvert
1216,24011,Caroline
1217,24013,Carroll
1218,24015,Cecil
1219,24017,Charles
1220,24019,Dorchester
1221,24021,Frederick
1222,24023,Garrett
1223,24025,Harford
1224,24027,Howard
1225,24029,Kent
1226,24031,Montgomery
1227,24033,Prince George
1228,24035,Queen Anne
1229,24037,St. Mary
1230,24039,Somerset
1231,24041,Talbot
1232,24043,Washington
1233,24045,Wicomico
1234,24047,Worcester
1235,24510,Baltimore city
1236,25000,Massachusetts
1237,25001,Barnstable
1238,25003,Berkshire
1239,25005,Bristol
1240,25007,Dukes
1241,25009,Essex
1242,25011,Franklin
1243,25013,Hampden
1244,25015,Hampshire
1245,25017,Middlesex
1246,25019,Nantucket
1247,25021,Norfolk
1248,25023,Plymouth
1249,25025,Suffolk
1250,25027,Worcester
1251,26000,Michigan
1252,26001,Alcona
1253,26003,Alger
1254,26005,Allegan
1255,26007,Alpena
1256,26009,Antrim
1257,26011,Arenac
1258,26013,Baraga
1259,26015,Barry
1260,26017,Bay
1261,26019,Benzie
1262,26021,Berrien
1263,26023,Branch
1264,26025,Calhoun
1265,26027,Cass
1266,26029,Charlevoix
1267,26031,Cheboygan
1268,26033,Chippewa
1269,26035,Clare
1270,26037,Clinton
1271,26039,Crawford
1272,26041,Delta
1273,26043,Dickinson
1274,26045,Eaton
1275,26047,Emmet
1276,26049,Genesee
1277,26051,Gladwin
1278,26053,Gogebic
1279,26055,Grand Traverse
1280,26057,Gratiot
1281,26059,Hillsdale
1282,26061,Houghton
1283,26063,Huron
1284,26065,Ingham
1285,26067,Ionia
1286,26069,Iosco
1287,26071,Iron
1288,26073,Isabella
1289,26075,Jackson
1290,26077,Kalamazoo
1291,26079,Kalkaska
1292,26081,Kent
1293,26083,Keweenaw
1294,26085,Lake
1295,26087,Lapeer
1296,26089,Leelanau
1297,26091,Lenawee
1298,26093,Livingston
1299,26095,Luce
1300,26097,Mackinac
1301,26099,Macomb
1302,26101,Manistee
1303,26103,Marquette
1304,26105,Mason
1305,26107,Mecosta
1306,26109,Menominee
1307,26111,Midland
1308,26113,Missaukee
1309,26115,Monroe
1310,26117,Montcalm
1311,26119,Montmorency
1312,26121,Muskegon
1313,26123,Newaygo
1314,26125,Oakland
1315,26127,Oceana
1316,26129,Ogemaw
1317,26131,Ontonagon
1318,26133,Osceola
1319,26135,Oscoda
1320,26137,Otsego
1321,26139,Ottawa
1322,26141,Presque Isle
1323,26143,Roscommon
1324,26145,Saginaw
1325,26147,St. Clair
1326,26149,St. Joseph
1327,26151,Sanilac
1328,26153,Schoolcraft
1329,26155,Shiawassee
1330,26157,Tuscola
1331,26159,Van Buren
1332,26161,Washtenaw
1333,26163,Wayne
1334,26165,Wexford
1335,27000,Minnesota
1336,27001,Aitkin
1337,27003,Anoka
1338,27005,Becker
1339,27007,Beltrami
1340,27009,Benton
1341,27011,Big Stone
1342,27013,Blue Earth
1343,27015,Brown
1344,27017,Carlton
1345,27019,Carver
1346,27021,Cass
1347,27023,Chippewa
1348,27025,Chisago
1349,27027,Clay
1350,27029,Clearwater
1351,27031,Cook
1352,27033,Cottonwood
1353,27035,Crow Wing
1354,27037,Dakota
1355,27039,Dodge
1356,27041,Douglas
1357,27043,Faribault
1358,27045,Fillmore
1359,27047,Freeborn
1360,27049,Goodhue
1361,27051,Grant
1362,27053,Hennepin
1363,27055,Houston
1364,27057,Hubbard
1365,27059,Isanti
1366,27061,Itasca
1367,27063,Jackson
1368,27065,Kanabec
1369,27067,Kandiyohi
1370,27069,Kittson
1371,27071,Koochiching
1372,27073,Lac qui Parle
1373,27075,Lake
1374,27077,Lake of the Woods
1375,27079,Le Sueur
1376,27081,Lincoln
1377,27083,Lyon
1378,27085,McLeod
1379,27087,Mahnomen
1380,27089,Marshall
1381,27091,Martin
1382,27093,Meeker
1383,27095,Mille Lacs
1384,27097,Morrison
1385,27099,Mower
1386,27101,Murray
1387,27103,Nicollet
1388,27105,Nobles
1389,27107,Norman
1390,27109,Olmsted
1391,27111,Otter Tail
1392,27113,Pennington
1393,27115,Pine
1394,27117,Pipestone
1395,27119,Polk
1396,27121,Pope
1397,27123,Ramsey
1398,27125,Red Lake
1399,27127,Redwood
1400,27129,Renville
1401,27131,Rice
1402,27133,Rock
1403,27135,Roseau
1404,27137,St. Louis
1405,27139,Scott
1406,27141,Sherburne
1407,27143,Sibley
1408,27145,Stearns
1409,27147,Steele
1410,27149,Stevens
1411,27151,Swift
1412,27153,Todd
1413,27155,Traverse
1414,27157,Wabasha
1415,27159,Wadena
1416,27161,Waseca
1417,27163,Washington
1418,27165,Watonwan
1419,27167,Wilkin
1420,27169,Winona
1421,27171,Wright
1422,27173,Yellow Medicine
1423,28000,Mississippi
1424,28001,Adams
1425,28003,Alcorn
1426,28005,Amite
1427,28007,Attala
1428,28009,Benton
1429,28011,Bolivar
1430,28013,Calhoun
1431,28015,Carroll
1432,28017,Chickasaw
1433,28019,Choctaw
1434,28021,Claiborne
1435,28023,Clarke
1436,28025,Clay
1437,28027,Coahoma
1438,28029,Copiah
1439,28031,Covington
1440,28033,DeSoto
1441,28035,Forrest
1442,28037,Franklin
1443,28039,George
1444,28041,Greene
1445,28043,Grenada
1446,28045,Hancock
1447,28047,Harrison
1448,28049,Hinds
1449,28051,Holmes
1450,28053,Humphreys
1451,28055,Issaquena
1452,28057,Itawamba
1453,28059,Jackson
1454,28061,Jasper
1455,28063,Jefferson
1456,28065,Jefferson Davis
1457,28067,Jones
1458,28069,Kemper
1459,28071,Lafayette
1460,28073,Lamar
1461,28075,Lauderdale
1462,28077,Lawrence
1463,28079,Leake
1464,28081,Lee
1465,28083,Leflore
1466,28085,Lincoln
1467,28087,Lowndes
1468,28089,Madison
1469,28091,Marion
1470,28093,Marshall
1471,28095,Monroe
1472,28097,Montgomery
1473,28099,Neshoba
1474,28101,Newton
1475,28103,Noxubee
1476,28105,Oktibbeha
1477,28107,Panola
1478,28109,Pearl River
1479,28111,Perry
1480,28113,Pike
1481,28115,Pontotoc
1482,28117,Prentiss
1483,28119,Quitman
1484,28121,Rankin
1485,28123,Scott
1486,28125,Sharkey
1487,28127,Simpson
1488,28129,Smith
1489,28131,Stone
1490,28133,Sunflower
1491,28135,Tallahatchie
1492,28137,Tate
1493,28139,Tippah
1494,28141,Tishomingo
1495,28143,Tunica
1496,28145,Union
1497,28147,Walthall
1498,28149,Warren
1499,28151,Washington
1500,28153,Wayne
1501,28155,Webster
1502,28157,Wilkinson
1503,28159,Winston
1504,28161,Yalobusha
1505,28163,Yazoo
1506,29000,Missouri
1507,29001,Adair
1508,29003,Andrew
1509,29005,Atchison
1510,29007,Audrain
1511,29009,Barry
1512,29011,Barton
1513,29013,Bates
1514,29015,Benton
1515,29017,Bollinger
1516,29019,Boone
1517,29021,Buchanan
1518,29023,Butler
1519,29025,Caldwell
1520,29027,Callaway
1521,29029,Camden
1522,29031,Cape Girardeau
1523,29033,Carroll
1524,29035,Carter
1525,29037,Cass
1526,29039,Cedar
1527,29041,Chariton
1528,29043,Christian
1529,29045,Clark
1530,29047,Clay
1531,29049,Clinton
1532,29051,Cole
1533,29053,Cooper
1534,29055,Crawford
1535,29057,Dade
1536,29059,Dallas
1537,29061,Daviess
1538,29063,DeKalb
1539,29065,Dent
1540,29067,Douglas
1541,29069,Dunklin
1542,29071,Franklin
1543,29073,Gasconade
1544,29075,Gentry
1545,29077,Greene
1546,29079,Grundy
1547,29081,Harrison
1548,29083,Henry
1549,29085,Hickory
1550,29087,Holt
1551,29089,Howard
1552,29091,Howell
1553,29093,Iron
1554,29095,Jackson
1555,29097,Jasper
1556,29099,Jefferson
1557,29101,Johnson
1558,29103,Knox
1559,29105,Laclede
1560,29107,Lafayette
1561,29109,Lawrence
1562,29111,Lewis
1563,29113,Lincoln
1564,29115,Linn
1565,29117,Livingston
1566,29119,McDonald
1567,29121,Macon
1568,29123,Madison
1569,29125,Maries
1570,29127,Marion
1571,29129,Mercer
1572,29131,Miller
1573,29133,Mississippi
1574,29135,Moniteau
1575,29137,Monroe
1576,29139,Montgomery
1577,29141,Morgan
1578,29143,New Madrid
1579,29145,Newton
1580,29147,Nodaway
1581,29149,Oregon
1582,29151,Osage
1583,29153,Ozark
1584,29155,Pemiscot
1585,29157,Perry
1586,29159,Pettis
1587,29161,Phelps
1588,29163,Pike
1589,29165,Platte
1590,29167,Polk
1591,29169,Pulaski
1592,29171,Putnam
1593,29173,Ralls
1594,29175,Randolph
1595,29177,Ray
1596,29179,Reynolds
1597,29181,Ripley
1598,29183,St. Charles
1599,29185,St. Clair
1600,29186,Ste. Genevieve
1601,29187,St. Francois
1602,29189,St. Louis
1603,29195,Saline
1604,29197,Schuyler
1605,29199,Scotland
1606,29201,Scott
1607,29203,Shannon
1608,29205,Shelby
1609,29207,Stoddard
1610,29209,Stone
1611,29211,Sullivan
1612,29213,Taney
1613,29215,Texas
1614,29217,Vernon
1615,29219,Warren
1616,29221,Washington
1617,29223,Wayne
1618,29225,Webster
1619,29227,Worth
1620,29229,Wright
1621,29510,St. Louis city
1622,30000,Montana
1623,30001,Beaverhead
1624,30003,Big Horn
1625,30005,Blaine
1626,30007,Broadwater
1627,30009,Carbon
1628,30011,Carter
1629,30013,Cascade
1630,30015,Chouteau
1631,30017,Custer
1632,30019,Daniels
1633,30021,Dawson
1634,30023,Deer Lodge
1635,30025,Fallon
1636,30027,Fergus
1637,30029,Flathead
1638,30031,Gallatin
1639,30033,Garfield
1640,30035,Glacier
1641,30037,Golden Valley
1642,30039,Granite
1643,30041,Hill
1644,30043,Jefferson
1645,30045,Judith Basin
1646,30047,Lake
1647,30049,Lewis and Clark
1648,30051,Liberty
1649,30053,Lincoln
1650,30055,McCone
1651,30057,Madison
1652,30059,Meagher
1653,30061,Mineral
1654,30063,Missoula
1655,30065,Musselshell
1656,30067,Park
1657,30069,Petroleum
1658,30071,Phillips
1659,30073,Pondera
1660,30075,Powder River
1661,30077,Powell
1662,30079,Prairie
1663,30081,Ravalli
1664,30083,Richland
1665,30085,Roosevelt
1666,30087,Rosebud
1667,30089,Sanders
1668,30091,Sheridan
1669,30093,Silver Bow
1670,30095,Stillwater
1671,30097,Sweet Grass
1672,30099,Teton
1673,30101,Toole
1674,30103,Treasure
1675,30105,Valley
1676,30107,Wheatland
1677,30109,Wibaux
1678,30111,Yellowstone
1679,30113,Yellowstone National Park
1680,31000,Nebraska
1681,31001,Adams
1682,31003,Antelope
1683,31005,Arthur
1684,31007,Banner
1685,31009,Blaine
1686,31011,Boone
1687,31013,Box Butte
1688,31015,Boyd
1689,31017,Brown
1690,31019,Buffalo
1691,31021,Burt
1692,31023,Butler
1693,31025,Cass
1694,31027,Cedar
1695,31029,Chase
1696,31031,Cherry
1697,31033,Cheyenne
1698,31035,Clay
1699,31037,Colfax
1700,31039,Cuming
1701,31041,Custer
1702,31043,Dakota
1703,31045,Dawes
1704,31047,Dawson
1705,31049,Deuel
1706,31051,Dixon
1707,31053,Dodge
1708,31055,Douglas
1709,31057,Dundy
1710,31059,Fillmore
1711,31061,Franklin
1712,31063,Frontier
1713,31065,Furnas
1714,31067,Gage
1715,31069,Garden
1716,31071,Garfield
1717,31073,Gosper
1718,31075,Grant
1719,31077,Greeley
1720,31079,Hall
1721,31081,Hamilton
1722,31083,Harlan
1723,31085,Hayes
1724,31087,Hitchcock
1725,31089,Holt
1726,31091,Hooker
1727,31093,Howard
1728,31095,Jefferson
1729,31097,Johnson
1730,31099,Kearney
1731,31101,Keith
1732,31103,Keya Paha
1733,31105,Kimball
1734,31107,Knox
1735,31109,Lancaster
1736,31111,Lincoln
1737,31113,Logan
1738,31115,Loup
1739,31117,McPherson
1740,31119,Madison
1741,31121,Merrick
1742,31123,Morrill
1743,31125,Nance
1744,31127,Nemaha
1745,31129,Nuckolls
1746,31131,Otoe
1747,31133,Pawnee
1748,31135,Perkins
1749,31137,Phelps
1750,31139,Pierce
1751,31141,Platte
1752,31143,Polk
1753,31145,Red Willow
1754,31147,Richardson
1755,31149,Rock
1756,31151,Saline
1757,31153,Sarpy
1758,31155,Saunders
1759,31157,Scotts Bluff
1760,31159,Seward
1761,31161,Sheridan
1762,31163,Sherman
1763,31165,Sioux
1764,31167,Stanton
1765,31169,Thayer
1766,31171,Thomas
1767,31173,Thurston
1768,31175,Valley
1769,31177,Washington
1770,31179,Wayne
1771,31181,Webster
1772,31183,Wheeler
1773,31185,York
1774,32000,Nevada
1775,32001,Churchill
1776,32003,Clark
1777,32005,Douglas
1778,32007,Elko
1779,32009,Esmeralda
1780,32011,Eureka
1781,32013,Humboldt
1782,32015,Lander
1783,32017,Lincoln
1784,32019,Lyon
1785,32021,Mineral
1786,32023,Nye
1787,32027,Pershing
1788,32029,Storey
1789,32031,Washoe
1790,32033,White Pine
1791,32510,Carson City
1792,33000,New Hampshire
1793,33001,Belknap
1794,33003,Carroll
1795,33005,Cheshire
1796,33007,Coos
1797,33009,Grafton
1798,33011,Hillsborough
1799,33013,Merrimack
1800,33015,Rockingham
1801,33017,Strafford
1802,33019,Sullivan
1803,34000,New Jersey
1804,34001,Atlantic
1805,34003,Bergen
1806,34005,Burlington
1807,34007,Camden
1808,34009,Cape May
1809,34011,Cumberland
1810,34013,Essex
1811,34015,Gloucester
1812,34017,Hudson
1813,34019,Hunterdon
1814,34021,Mercer
1815,34023,Middlesex
1816,34025,Monmouth
1817,34027,Morris
1818,34029,Ocean
1819,34031,Passaic
1820,34033,Salem
1821,34035,Somerset
1822,34037,Sussex
1823,34039,Union
1824,34041,Warren
1825,35000,New Mexico
1826,35001,Bernalillo
1827,35003,Catron
1828,35005,Chaves
1829,35006,Cibola
1830,35007,Colfax
1831,35009,Curry
1832,35011,DeBaca
1833,35013,Dona Ana
1834,35015,Eddy
1835,35017,Grant
1836,35019,Guadalupe
1837,35021,Harding
1838,35023,Hidalgo
1839,35025,Lea
1840,35027,Lincoln
1841,35028,Los Alamos
1842,35029,Luna
1843,35031,McKinley
1844,35033,Mora
1845,35035,Otero
1846,35037,Quay
1847,35039,Rio Arriba
1848,35041,Roosevelt
1849,35043,Sandoval
1850,35045,San Juan
1851,35047,San Miguel
1852,35049,Santa Fe
1853,35051,Sierra
1854,35053,Socorro
1855,35055,Taos
1856,35057,Torrance
1857,35059,Union
1858,35061,Valencia
1859,36000,New York
1860,36001,Albany
1861,36003,Allegany
1862,36005,Bronx
1863,36007,Broome
1864,36009,Cattaraugus
1865,36011,Cayuga
1866,36013,Chautauqua
1867,36015,Chemung
1868,36017,Chenango
1869,36019,Clinton
1870,36021,Columbia
1871,36023,Cortland
1872,36025,Delaware
1873,36027,Dutchess
1874,36029,Erie
1875,36031,Essex
1876,36033,Franklin
1877,36035,Fulton
1878,36037,Genesee
1879,36039,Greene
1880,36041,Hamilton
1881,36043,Herkimer
1882,36045,Jefferson
1883,36047,Kings
1884,36049,Lewis
1885,36051,Livingston
1886,36053,Madison
1887,36055,Monroe
1888,36057,Montgomery
1889,36059,Nassau
1890,36061,New York
1891,36063,Niagara
1892,36065,Oneida
1893,36067,Onondaga
1894,36069,Ontario
1895,36071,Orange
1896,36073,Orleans
1897,36075,Oswego
1898,36077,Otsego
1899,36079,Putnam
1900,36081,Queens
1901,36083,Rensselaer
1902,36085,Richmond
1903,36087,Rockland
1904,36089,St. Lawrence
1905,36091,Saratoga
1906,36093,Schenectady
1907,36095,Schoharie
1908,36097,Schuyler
1909,36099,Seneca
1910,36101,Steuben
1911,36103,Suffolk
1912,36105,Sullivan
1913,36107,Tioga
1914,36109,Tompkins
1915,36111,Ulster
1916,36113,Warren
1917,36115,Washington
1918,36117,Wayne
1919,36119,Westchester
1920,36121,Wyoming
1921,36123,Yates
1922,37000,North Carolina
1923,37001,Alamance
1924,37003,Alexander
1925,37005,Alleghany
1926,37007,Anson
1927,37009,Ashe
1928,37011,Avery
1929,37013,Beaufort
1930,37015,Bertie
1931,37017,Bladen
1932,37019,Brunswick
1933,37021,Buncombe
1934,37023,Burke
1935,37025,Cabarrus
1936,37027,Caldwell
1937,37029,Camden
1938,37031,Carteret
1939,37033,Caswell
1940,37035,Catawba
1941,37037,Chatham
1942,37039,Cherokee
1943,37041,Chowan
1944,37043,Clay
1945,37045,Cleveland
1946,37047,Columbus
1947,37049,Craven
1948,37051,Cumberland
1949,37053,Currituck
1950,37055,Dare
1951,37057,Davidson
1952,37059,Davie
1953,37061,Duplin
1954,37063,Durham
1955,37065,Edgecombe
1956,37067,Forsyth
1957,37069,Franklin
1958,37071,Gaston
1959,37073,Gates
1960,37075,Graham
1961,37077,Granville
1962,37079,Greene
1963,37081,Guilford
1964,37083,Halifax
1965,37085,Harnett
1966,37087,Haywood
1967,37089,Henderson
1968,37091,Hertford
1969,37093,Hoke
1970,37095,Hyde
1971,37097,Iredell
1972,37099,Jackson
1973,37101,Johnston
1974,37103,Jones
1975,37105,Lee
1976,37107,Lenoir
1977,37109,Lincoln
1978,37111,McDowell
1979,37113,Macon
1980,37115,Madison
1981,37117,Martin
1982,37119,Mecklenburg
1983,37121,Mitchell
1984,37123,Montgomery
1985,37125,Moore
1986,37127,Nash
1987,37129,New Hanover
1988,37131,Northampton
1989,37133,Onslow
1990,37135,Orange
1991,37137,Pamlico
1992,37139,Pasquotank
1993,37141,Pender
1994,37143,Perquimans
1995,37145,Person
1996,37147,Pitt
1997,37149,Polk
1998,37151,Randolph
1999,37153,Richmond
2000,37155,Robeson
2001,37157,Rockingham
2002,37159,Rowan
2003,37161,Rutherford
2004,37163,Sampson
2005,37165,Scotland
2006,37167,Stanly
2007,37169,Stokes
2008,37171,Surry
2009,37173,Swain
2010,37175,Transylvania
2011,37177,Tyrrell
2012,37179,Union
2013,37181,Vance
2014,37183,Wake
2015,37185,Warren
2016,37187,Washington
2017,37189,Watauga
2018,37191,Wayne
2019,37193,Wilkes
2020,37195,Wilson
2021,37197,Yadkin
2022,37199,Yancey
2023,38000,North Dakota
2024,38001,Adams
2025,38003,Barnes
2026,38005,Benson
2027,38007,Billings
2028,38009,Bottineau
2029,38011,Bowman
2030,38013,Burke
2031,38015,Burleigh
2032,38017,Cass
2033,38019,Cavalier
2034,38021,Dickey
2035,38023,Divide
2036,38025,Dunn
2037,38027,Eddy
2038,38029,Emmons
2039,38031,Foster
2040,38033,Golden Valley
2041,38035,Grand Forks
2042,38037,Grant
2043,38039,Griggs
2044,38041,Hettinger
2045,38043,Kidder
2046,38045,LaMoure
2047,38047,Logan
2048,38049,McHenry
2049,38051,McIntosh
2050,38053,McKenzie
2051,38055,McLean
2052,38057,Mercer
2053,38059,Morton
2054,38061,Mountrail
2055,38063,Nelson
2056,38065,Oliver
2057,38067,Pembina
2058,38069,Pierce
2059,38071,Ramsey
2060,38073,Ransom
2061,38075,Renville
2062,38077,Richland
2063,38079,Rolette
2064,38081,Sargent
2065,38083,Sheridan
2066,38085,Sioux
2067,38087,Slope
2068,38089,Stark
2069,38091,Steele
2070,38093,Stutsman
2071,38095,Towner
2072,38097,Traill
2073,38099,Walsh
2074,38101,Ward
2075,38103,Wells
2076,38105,Williams
2077,39000,Ohio
2078,39001,Adams
2079,39003,Allen
2080,39005,Ashland
2081,39007,Ashtabula
2082,39009,Athens
2083,39011,Auglaize
2084,39013,Belmont
2085,39015,Brown
2086,39017,Butler
2087,39019,Carroll
2088,39021,Champaign
2089,39023,Clark
2090,39025,Clermont
2091,39027,Clinton
2092,39029,Columbiana
2093,39031,Coshocton
2094,39033,Crawford
2095,39035,Cuyahoga
2096,39037,Darke
2097,39039,Defiance
2098,39041,Delaware
2099,39043,Erie
2100,39045,Fairfield
2101,39047,Fayette
2102,39049,Franklin
2103,39051,Fulton
2104,39053,Gallia
2105,39055,Geauga
2106,39057,Greene
2107,39059,Guernsey
2108,39061,Hamilton
2109,39063,Hancock
2110,39065,Hardin
2111,39067,Harrison
2112,39069,Henry
2113,39071,Highland
2114,39073,Hocking
2115,39075,Holmes
2116,39077,Huron
2117,39079,Jackson
2118,39081,Jefferson
2119,39083,Knox
2120,39085,Lake
2121,39087,Lawrence
2122,39089,Licking
2123,39091,Logan
2124,39093,Lorain
2125,39095,Lucas
2126,39097,Madison
2127,39099,Mahoning
2128,39101,Marion
2129,39103,Medina
2130,39105,Meigs
2131,39107,Mercer
2132,39109,Miami
2133,39111,Monroe
2134,39113,Montgomery
2135,39115,Morgan
2136,39117,Morrow
2137,39119,Muskingum
2138,39121,Noble
2139,39123,Ottawa
2140,39125,Paulding
2141,39127,Perry
2142,39129,Pickaway
2143,39131,Pike
2144,39133,Portage
2145,39135,Preble
2146,39137,Putnam
2147,39139,Richland
2148,39141,Ross
2149,39143,Sandusky
2150,39145,Scioto
2151,39147,Seneca
2152,39149,Shelby
2153,39151,Stark
2154,39153,Summit
2155,39155,Trumbull
2156,39157,Tuscarawas
2157,39159,Union
2158,39161,Van Wert
2159,39163,Vinton
2160,39165,Warren
2161,39167,Washington
2162,39169,Wayne
2163,39171,Williams
2164,39173,Wood
2165,39175,Wyandot
2166,40000,Oklahoma
2167,40001,Adair
2168,40003,Alfalfa
2169,40005,Atoka
2170,40007,Beaver
2171,40009,Beckham
2172,40011,Blaine
2173,40013,Bryan
2174,40015,Caddo
2175,40017,Canadian
2176,40019,Carter
2177,40021,Cherokee
2178,40023,Choctaw
2179,40025,Cimarron
2180,40027,Cleveland
2181,40029,Coal
2182,40031,Comanche
2183,40033,Cotton
2184,40035,Craig
2185,40037,Creek
2186,40039,Custer
2187,40041,Delaware
2188,40043,Dewey
2189,40045,Ellis
2190,40047,Garfield
2191,40049,Garvin
2192,40051,Grady
2193,40053,Grant
2194,40055,Greer
2195,40057,Harmon
2196,40059,Harper
2197,40061,Haskell
2198,40063,Hughes
2199,40065,Jackson
2200,40067,Jefferson
2201,40069,Johnston
2202,40071,Kay
2203,40073,Kingfisher
2204,40075,Kiowa
2205,40077,Latimer
2206,40079,Le Flore
2207,40081,Lincoln
2208,40083,Logan
2209,40085,Love
2210,40087,McClain
2211,40089,McCurtain
2212,40091,McIntosh
2213,40093,Major
2214,40095,Marshall
2215,40097,Mayes
2216,40099,Murray
2217,40101,Muskogee
2218,40103,Noble
2219,40105,Nowata
2220,40107,Okfuskee
2221,40109,Oklahoma
2222,40111,Okmulgee
2223,40113,Osage
2224,40115,Ottawa
2225,40117,Pawnee
2226,40119,Payne
2227,40121,Pittsburg
2228,40123,Pontotoc
2229,40125,Pottawatomie
2230,40127,Pushmataha
2231,40129,Roger Mills
2232,40131,Rogers
2233,40133,Seminole
2234,40135,Sequoyah
2235,40137,Stephens
2236,40139,Texas
2237,40141,Tillman
2238,40143,Tulsa
2239,40145,Wagoner
2240,40147,Washington
2241,40149,Washita
2242,40151,Woods
2243,40153,Woodward
2244,41000,Oregon
2245,41001,Baker
2246,41003,Benton
2247,41005,Clackamas
2248,41007,Clatsop
2249,41009,Columbia
2250,41011,Coos
2251,41013,Crook
2252,41015,Curry
2253,41017,Deschutes
2254,41019,Douglas
2255,41021,Gilliam
2256,41023,Grant
2257,41025,Harney
2258,41027,Hood River
2259,41029,Jackson
2260,41031,Jefferson
2261,41033,Josephine
2262,41035,Klamath
2263,41037,Lake
2264,41039,Lane
2265,41041,Lincoln
2266,41043,Linn
2267,41045,Malheur
2268,41047,Marion
2269,41049,Morrow
2270,41051,Multnomah
2271,41053,Polk
2272,41055,Sherman
2273,41057,Tillamook
2274,41059,Umatilla
2275,41061,Union
2276,41063,Wallowa
2277,41065,Wasco
2278,41067,Washington
2279,41069,Wheeler
2280,41071,Yamhill
2281,42000,Pennsylvania
2282,42001,Adams
2283,42003,Allegheny
2284,42005,Armstrong
2285,42007,Beaver
2286,42009,Bedford
2287,42011,Berks
2288,42013,Blair
2289,42015,Bradford
2290,42017,Bucks
2291,42019,Butler
2292,42021,Cambria
2293,42023,Cameron
2294,42025,Carbon
2295,42027,Centre
2296,42029,Chester
2297,42031,Clarion
2298,42033,Clearfield
2299,42035,Clinton
2300,42037,Columbia
2301,42039,Crawford
2302,42041,Cumberland
2303,42043,Dauphin
2304,42045,Delaware
2305,42047,Elk
2306,42049,Erie
2307,42051,Fayette
2308,42053,Forest
2309,42055,Franklin
2310,42057,Fulton
2311,42059,Greene
2312,42061,Huntingdon
2313,42063,Indiana
2314,42065,Jefferson
2315,42067,Juniata
2316,42069,Lackawanna
2317,42071,Lancaster
2318,42073,Lawrence
2319,42075,Lebanon
2320,42077,Lehigh
2321,42079,Luzerne
2322,42081,Lycoming
2323,42083,Mc Kean
2324,42085,Mercer
2325,42087,Mifflin
2326,42089,Monroe
2327,42091,Montgomery
2328,42093,Montour
2329,42095,Northampton
2330,42097,Northumberland
2331,42099,Perry
2332,42101,Philadelphia
2333,42103,Pike
2334,42105,Potter
2335,42107,Schuylkill
2336,42109,Snyder
2337,42111,Somerset
2338,42113,Sullivan
2339,42115,Susquehanna
2340,42117,Tioga
2341,42119,Union
2342,42121,Venango
2343,42123,Warren
2344,42125,Washington
2345,42127,Wayne
2346,42129,Westmoreland
2347,42131,Wyoming
2348,42133,York
2349,44000,Rhode Island
2350,44001,Bristol
2351,44003,Kent
2352,44005,Newport
2353,44007,Providence
2354,44009,Washington
2355,45000,South Carolina
2356,45001,Abbeville
2357,45003,Aiken
2358,45005,Allendale
2359,45007,Anderson
2360,45009,Bamberg
2361,45011,Barnwell
2362,45013,Beaufort
2363,45015,Berkeley
2364,45017,Calhoun
2365,45019,Charleston
2366,45021,Cherokee
2367,45023,Chester
2368,45025,Chesterfield
2369,45027,Clarendon
2370,45029,Colleton
2371,45031,Darlington
2372,45033,Dillon
2373,45035,Dorchester
2374,45037,Edgefield
2375,45039,Fairfield
2376,45041,Florence
2377,45043,Georgetown
2378,45045,Greenville
2379,45047,Greenwood
2380,45049,Hampton
2381,45051,Horry
2382,45053,Jasper
2383,45055,Kershaw
2384,45057,Lancaster
2385,45059,Laurens
2386,45061,Lee
2387,45063,Lexington
2388,45065,McCormick
2389,45067,Marion
2390,45069,Marlboro
2391,45071,Newberry
2392,45073,Oconee
2393,45075,Orangeburg
2394,45077,Pickens
2395,45079,Richland
2396,45081,Saluda
2397,45083,Spartanburg
2398,45085,Sumter
2399,45087,Union
2400,45089,Williamsburg
2401,45091,York
2402,46000,South Dakota
2403,46003,Aurora
2404,46005,Beadle
2405,46007,Bennett
2406,46009,Bon Homme
2407,46011,Brookings
2408,46013,Brown
2409,46015,Brule
2410,46017,Buffalo
2411,46019,Butte
2412,46021,Campbell
2413,46023,Charles Mix
2414,46025,Clark
2415,46027,Clay
2416,46029,Codington
2417,46031,Corson
2418,46033,Custer
2419,46035,Davison
2420,46037,Day
2421,46039,Deuel
2422,46041,Dewey
2423,46043,Douglas
2424,46045,Edmunds
2425,46047,Fall River
2426,46049,Faulk
2427,46051,Grant
2428,46053,Gregory
2429,46055,Haakon
2430,46057,Hamlin
2431,46059,Hand
2432,46061,Hanson
2433,46063,Harding
2434,46065,Hughes
2435,46067,Hutchinson
2436,46069,Hyde
2437,46071,Jackson
2438,46073,Jerauld
2439,46075,Jones
2440,46077,Kingsbury
2441,46079,Lake
2442,46081,Lawrence
2443,46083,Lincoln
2444,46085,Lyman
2445,46087,McCook
2446,46089,McPherson
2447,46091,Marshall
2448,46093,Meade
2449,46095,Mellette
2450,46097,Miner
2451,46099,Minnehaha
2452,46101,Moody
2453,46103,Pennington
2454,46105,Perkins
2455,46107,Potter
2456,46109,Roberts
2457,46111,Sanborn
2458,46113,Shannon
2459,46115,Spink
2460,46117,Stanley
2461,46119,Sully
2462,46121,Todd
2463,46123,Tripp
2464,46125,Turner
2465,46127,Union
2466,46129,Walworth
2467,46135,Yankton
2468,46137,Ziebach
2469,47000,Tennessee
2470,47001,Anderson
2471,47003,Bedford
2472,47005,Benton
2473,47007,Bledsoe
2474,47009,Blount
2475,47011,Bradley
2476,47013,Campbell
2477,47015,Cannon
2478,47017,Carroll
2479,47019,Carter
2480,47021,Cheatham
2481,47023,Chester
2482,47025,Claiborne
2483,47027,Clay
2484,47029,Cocke
2485,47031,Coffee
2486,47033,Crockett
2487,47035,Cumberland
2488,47037,Davidson
2489,47039,Decatur
2490,47041,DeKalb
2491,47043,Dickson
2492,47045,Dyer
2493,47047,Fayette
2494,47049,Fentress
2495,47051,Franklin
2496,47053,Gibson
2497,47055,Giles
2498,47057,Grainger
2499,47059,Greene
2500,47061,Grundy
2501,47063,Hamblen
2502,47065,Hamilton
2503,47067,Hancock
2504,47069,Hardeman
2505,47071,Hardin
2506,47073,Hawkins
2507,47075,Haywood
2508,47077,Henderson
2509,47079,Henry
2510,47081,Hickman
2511,47083,Houston
2512,47085,Humphreys
2513,47087,Jackson
2514,47089,Jefferson
2515,47091,Johnson
2516,47093,Knox
2517,47095,Lake
2518,47097,Lauderdale
2519,47099,Lawrence
2520,47101,Lewis
2521,47103,Lincoln
2522,47105,Loudon
2523,47107,McMinn
2524,47109,McNairy
2525,47111,Macon
2526,47113,Madison
2527,47115,Marion
2528,47117,Marshall
2529,47119,Maury
2530,47121,Meigs
2531,47123,Monroe
2532,47125,Montgomery
2533,47127,Moore
2534,47129,Morgan
2535,47131,Obion
2536,47133,Overton
2537,47135,Perry
2538,47137,Pickett
2539,47139,Polk
2540,47141,Putnam
2541,47143,Rhea
2542,47145,Roane
2543,47147,Robertson
2544,47149,Rutherford
2545,47151,Scott
2546,47153,Sequatchie
2547,47155,Sevier
2548,47157,Shelby
2549,47159,Smith
2550,47161,Stewart
2551,47163,Sullivan
2552,47165,Sumner
2553,47167,Tipton
2554,47169,Trousdale
2555,47171,Unicoi
2556,47173,Union
2557,47175,Van Buren
2558,47177,Warren
2559,47179,Washington
2560,47181,Wayne
2561,47183,Weakley
2562,47185,White
2563,47187,Williamson
2564,47189,Wilson
2565,48000,Texas
2566,48001,Anderson
2567,48003,Andrews
2568,48005,Angelina
2569,48007,Aransas
2570,48009,Archer
2571,48011,Armstrong
2572,48013,Atascosa
2573,48015,Austin
2574,48017,Bailey
2575,48019,Bandera
2576,48021,Bastrop
2577,48023,Baylor
2578,48025,Bee
2579,48027,Bell
2580,48029,Bexar
2581,48031,Blanco
2582,48033,Borden
2583,48035,Bosque
2584,48037,Bowie
2585,48039,Brazoria
2586,48041,Brazos
2587,48043,Brewster
2588,48045,Briscoe
2589,48047,Brooks
2590,48049,Brown
2591,48051,Burleson
2592,48053,Burnet
2593,48055,Caldwell
2594,48057,Calhoun
2595,48059,Callahan
2596,48061,Cameron
2597,48063,Camp
2598,48065,Carson
2599,48067,Cass
2600,48069,Castro
2601,48071,Chambers
2602,48073,Cherokee
2603,48075,Childress
2604,48077,Clay
2605,48079,Cochran
2606,48081,Coke
2607,48083,Coleman
2608,48085,Collin
2609,48087,Collingsworth
2610,48089,Colorado
2611,48091,Comal
2612,48093,Comanche
2613,48095,Concho
2614,48097,Cooke
2615,48099,Coryell
2616,48101,Cottle
2617,48103,Crane
2618,48105,Crockett
2619,48107,Crosby
2620,48109,Culberson
2621,48111,Dallam
2622,48113,Dallas
2623,48115,Dawson
2624,48117,Deaf Smith
2625,48119,Delta
2626,48121,Denton
2627,48123,DeWitt
2628,48125,Dickens
2629,48127,Dimmit
2630,48129,Donley
2631,48131,Duval
2632,48133,Eastland
2633,48135,Ector
2634,48137,Edwards
2635,48139,Ellis
2636,48141,El Paso
2637,48143,Erath
2638,48145,Falls
2639,48147,Fannin
2640,48149,Fayette
2641,48151,Fisher
2642,48153,Floyd
2643,48155,Foard
2644,48157,Fort Bend
2645,48159,Franklin
2646,48161,Freestone
2647,48163,Frio
2648,48165,Gaines
2649,48167,Galveston
2650,48169,Garza
2651,48171,Gillespie
2652,48173,Glasscock
2653,48175,Goliad
2654,48177,Gonzales
2655,48179,Gray
2656,48181,Grayson
2657,48183,Gregg
2658,48185,Grimes
2659,48187,Guadalupe
2660,48189,Hale
2661,48191,Hall
2662,48193,Hamilton
2663,48195,Hansford
2664,48197,Hardeman
2665,48199,Hardin
2666,48201,Harris
2667,48203,Harrison
2668,48205,Hartley
2669,48207,Haskell
2670,48209,Hays
2671,48211,Hemphill
2672,48213,Henderson
2673,48215,Hidalgo
2674,48217,Hill
2675,48219,Hockley
2676,48221,Hood
2677,48223,Hopkins
2678,48225,Houston
2679,48227,Howard
2680,48229,Hudspeth
2681,48231,Hunt
2682,48233,Hutchinson
2683,48235,Irion
2684,48237,Jack
2685,48239,Jackson
2686,48241,Jasper
2687,48243,Jeff Davis
2688,48245,Jefferson
2689,48247,Jim Hogg
2690,48249,Jim Wells
2691,48251,Johnson
2692,48253,Jones
2693,48255,Karnes
2694,48257,Kaufman
2695,48259,Kendall
2696,48261,Kenedy
2697,48263,Kent
2698,48265,Kerr
2699,48267,Kimble
2700,48269,King
2701,48271,Kinney
2702,48273,Kleberg
2703,48275,Knox
2704,48277,Lamar
2705,48279,Lamb
2706,48281,Lampasas
2707,48283,La Salle
2708,48285,Lavaca
2709,48287,Lee
2710,48289,Leon
2711,48291,Liberty
2712,48293,Limestone
2713,48295,Lipscomb
2714,48297,Live Oak
2715,48299,Llano
2716,48301,Loving
2717,48303,Lubbock
2718,48305,Lynn
2719,48307,McCulloch
2720,48309,McLennan
2721,48311,McMullen
2722,48313,Madison
2723,48315,Marion
2724,48317,Martin
2725,48319,Mason
2726,48321,Matagorda
2727,48323,Maverick
2728,48325,Medina
2729,48327,Menard
2730,48329,Midland
2731,48331,Milam
2732,48333,Mills
2733,48335,Mitchell
2734,48337,Montague
2735,48339,Montgomery
2736,48341,Moore
2737,48343,Morris
2738,48345,Motley
2739,48347,Nacogdoches
2740,48349,Navarro
2741,48351,Newton
2742,48353,Nolan
2743,48355,Nueces
2744,48357,Ochiltree
2745,48359,Oldham
2746,48361,Orange
2747,48363,Palo Pinto
2748,48365,Panola
2749,48367,Parker
2750,48369,Parmer
2751,48371,Pecos
2752,48373,Polk
2753,48375,Potter
2754,48377,Presidio
2755,48379,Rains
2756,48381,Randall
2757,48383,Reagan
2758,48385,Real
2759,48387,Red River
2760,48389,Reeves
2761,48391,Refugio
2762,48393,Roberts
2763,48395,Robertson
2764,48397,Rockwall
2765,48399,Runnels
2766,48401,Rusk
2767,48403,Sabine
2768,48405,San Augustine
2769,48407,San Jacinto
2770,48409,San Patricio
2771,48411,San Saba
2772,48413,Schleicher
2773,48415,Scurry
2774,48417,Shackelford
2775,48419,Shelby
2776,48421,Sherman
2777,48423,Smith
2778,48425,Somervell
2779,48427,Starr
2780,48429,Stephens
2781,48431,Sterling
2782,48433,Stonewall
2783,48435,Sutton
2784,48437,Swisher
2785,48439,Tarrant
2786,48441,Taylor
2787,48443,Terrell
2788,48445,Terry
2789,48447,Throckmorton
2790,48449,Titus
2791,48451,Tom Green
2792,48453,Travis
2793,48455,Trinity
2794,48457,Tyler
2795,48459,Upshur
2796,48461,Upton
2797,48463,Uvalde
2798,48465,Val Verde
2799,48467,Van Zandt
2800,48469,Victoria
2801,48471,Walker
2802,48473,Waller
2803,48475,Ward
2804,48477,Washington
2805,48479,Webb
2806,48481,Wharton
2807,48483,Wheeler
2808,48485,Wichita
2809,48487,Wilbarger
2810,48489,Willacy
2811,48491,Williamson
2812,48493,Wilson
2813,48495,Winkler
2814,48497,Wise
2815,48499,Wood
2816,48501,Yoakum
2817,48503,Young
2818,48505,Zapata
2819,48507,Zavala
2820,49000,Utah
2821,49001,Beaver
2822,49003,Box Elder
2823,49005,Cache
2824,49007,Carbon
2825,49009,Daggett
2826,49011,Davis
2827,49013,Duchesne
2828,49015,Emery
2829,49017,Garfield
2830,49019,Grand
2831,49021,Iron
2832,49023,Juab
2833,49025,Kane
2834,49027,Millard
2835,49029,Morgan
2836,49031,Piute
2837,49033,Rich
2838,49035,Salt Lake
2839,49037,San Juan
2840,49039,Sanpete
2841,49041,Sevier
2842,49043,Summit
2843,49045,Tooele
2844,49047,Uintah
2845,49049,Utah
2846,49051,Wasatch
2847,49053,Washington
2848,49055,Wayne
2849,49057,Weber
2850,50000,Vermont
2851,50001,Addison
2852,50003,Bennington
2853,50005,Caledonia
2854,50007,Chittenden
2855,50009,Essex
2856,50011,Franklin
2857,50013,Grand Isle
2858,50015,Lamoille
2859,50017,Orange
2860,50019,Orleans
2861,50021,Rutland
2862,50023,Washington
2863,50025,Windham
2864,50027,Windsor
2865,51000,Virginia
2866,51001,Accomack
2867,51003,Albemarle
2868,51005,Alleghany
2869,51007,Amelia
2870,51009,Amherst
2871,51011,Appomattox
2872,51013,Arlington
2873,51015,Augusta
2874,51017,Bath
2875,51019,Bedford
2876,51021,Bland
2877,51023,Botetourt
2878,51025,Brunswick
2879,51027,Buchanan
2880,51029,Buckingham
2881,51031,Campbell
2882,51033,Caroline
2883,51035,Carroll
2884,51036,Charles City
2885,51037,Charlotte
2886,51041,Chesterfield
2887,51043,Clarke
2888,51045,Craig
2889,51047,Culpeper
2890,51049,Cumberland
2891,51051,Dickenson
2892,51053,Dinwiddie
2893,51057,Essex
2894,51059,Fairfax
2895,51061,Fauquier
2896,51063,Floyd
2897,51065,Fluvanna
2898,51067,Franklin
2899,51069,Frederick
2900,51071,Giles
2901,51073,Gloucester
2902,51075,Goochland
2903,51077,Grayson
2904,51079,Greene
2905,51081,Greensville
2906,51083,Halifax
2907,51085,Hanover
2908,51087,Henrico
2909,51089,Henry
2910,51091,Highland
2911,51093,Isle of Wight
2912,51095,James City
2913,51097,King and Queen
2914,51099,King George
2915,51101,King William
2916,51103,Lancaster
2917,51105,Lee
2918,51107,Loudoun
2919,51109,Louisa
2920,51111,Lunenburg
2921,51113,Madison
2922,51115,Mathews
2923,51117,Mecklenburg
2924,51119,Middlesex
2925,51121,Montgomery
2926,51125,Nelson
2927,51127,New Kent
2928,51131,Northampton
2929,51133,Northumberland
2930,51135,Nottoway
2931,51137,Orange
2932,51139,Page
2933,51141,Patrick
2934,51143,Pittsylvania
2935,51145,Powhatan
2936,51147,Prince Edward
2937,51149,Prince George
2938,51153,Prince William
2939,51155,Pulaski
2940,51157,Rappahannock
2941,51159,Richmond
2942,51161,Roanoke
2943,51163,Rockbridge
2944,51165,Rockingham
2945,51167,Russell
2946,51169,Scott
2947,51171,Shenandoah
2948,51173,Smyth
2949,51175,Southampton
2950,51177,Spotsylvania
2951,51179,Stafford
2952,51181,Surry
2953,51183,Sussex
2954,51185,Tazewell
2955,51187,Warren
2956,51191,Washington
2957,51193,Westmoreland
2958,51195,Wise
2959,51197,Wythe
2960,51199,York
2961,51510,Alexandria city
2962,51515,Bedford city
2963,51520,Bristol city
2964,51530,Buena Vista city
2965,51540,Charlottesville city
2966,51550,Chesapeake city
2967,51560,Clifton Forge city
2968,51570,Colonial Heights city
2969,51580,Covington city
2970,51590,Danville city
2971,51595,Emporia city
2972,51600,Fairfax city
2973,51610,Falls Church city
2974,51620,Franklin city
2975,51630,Fredericksburg city
2976,51640,Galax city
2977,51650,Hampton city
2978,51660,Harrisonburg city
2979,51670,Hopewell city
2980,51678,Lexington city
2981,51680,Lynchburg city
2982,51683,Manassas city
2983,51685,Manassas Park city
2984,51690,Martinsville city
2985,51700,Newport News city
2986,51710,Norfolk city
2987,51720,Norton city
2988,51730,Petersburg city
2989,51735,Poquoson city
2990,51740,Portsmouth city
2991,51750,Radford city
2992,51760,Richmond city
2993,51770,Roanoke city
2994,51775,Salem city
2995,51780,South Boston city
2996,51800,Suffolk city
2997,51810,Virginia Beach city
2998,51820,Waynesboro city
2999,51830,Williamsburg city
3000,51840,Winchester city
3001,53000,Washington
3002,53001,Adams
3003,53003,Asotin
3004,53005,Benton
3005,53007,Chelan
3006,53009,Clallam
3007,53011,Clark
3008,53013,Columbia
3009,53015,Cowlitz
3010,53017,Douglas
3011,53019,Ferry
3012,53021,Franklin
3013,53023,Garfield
3014,53025,Grant
3015,53027,Grays Harbor
3016,53029,Island
3017,53031,Jefferson
3018,53033,King
3019,53035,Kitsap
3020,53037,Kittitas
3021,53039,Klickitat
3022,53041,Lewis
3023,53043,Lincoln
3024,53045,Mason
3025,53047,Okanogan
3026,53049,Pacific
3027,53051,Pend Oreille
3028,53053,Pierce
3029,53055,San Juan
3030,53057,Skagit
3031,53059,Skamania
3032,53061,Snohomish
3033,53063,Spokane
3034,53065,Stevens
3035,53067,Thurston
3036,53069,Wahkiakum
3037,53071,Walla Walla
3038,53073,Whatcom
3039,53075,Whitman
3040,53077,Yakima
3041,54000,West Virginia
3042,54001,Barbour
3043,54003,Berkeley
3044,54005,Boone
3045,54007,Braxton
3046,54009,Brooke
3047,54011,Cabell
3048,54013,Calhoun
3049,54015,Clay
3050,54017,Doddridge
3051,54019,Fayette
3052,54021,Gilmer
3053,54023,Grant
3054,54025,Greenbrier
3055,54027,Hampshire
3056,54029,Hancock
3057,54031,Hardy
3058,54033,Harrison
3059,54035,Jackson
3060,54037,Jefferson
3061,54039,Kanawha
3062,54041,Lewis
3063,54043,Lincoln
3064,54045,Logan
3065,54047,McDowell
3066,54049,Marion
3067,54051,Marshall
3068,54053,Mason
3069,54055,Mercer
3070,54057,Mineral
3071,54059,Mingo
3072,54061,Monongalia
3073,54063,Monroe
3074,54065,Morgan
3075,54067,Nicholas
3076,54069,Ohio
3077,54071,Pendleton
3078,54073,Pleasants
3079,54075,Pocahontas
3080,54077,Preston
3081,54079,Putnam
3082,54081,Raleigh
3083,54083,Randolph
3084,54085,Ritchie
3085,54087,Roane
3086,54089,Summers
3087,54091,Taylor
3088,54093,Tucker
3089,54095,Tyler
3090,54097,Upshur
3091,54099,Wayne
3092,54101,Webster
3093,54103,Wetzel
3094,54105,Wirt
3095,54107,Wood
3096,54109,Wyoming
3097,55000,Wisconsin
3098,55001,Adams
3099,55003,Ashland
3100,55005,Barron
3101,55007,Bayfield
3102,55009,Brown
3103,55011,Buffalo
3104,55013,Burnett
3105,55015,Calumet
3106,55017,Chippewa
3107,55019,Clark
3108,55021,Columbia
3109,55023,Crawford
3110,55025,Dane
3111,55027,Dodge
3112,55029,Door
3113,55031,Douglas
3114,55033,Dunn
3115,55035,Eau Claire
3116,55037,Florence
3117,55039,Fond du Lac
3118,55041,Forest
3119,55043,Grant
3120,55045,Green
3121,55047,Green Lake
3122,55049,Iowa
3123,55051,Iron
3124,55053,Jackson
3125,55055,Jefferson
3126,55057,Juneau
3127,55059,Kenosha
3128,55061,Kewaunee
3129,55063,La Crosse
3130,55065,Lafayette
3131,55067,Langlade
3132,55069,Lincoln
3133,55071,Manitowoc
3134,55073,Marathon
3135,55075,Marinette
3136,55077,Marquette
3137,55078,Menominee
3138,55079,Milwaukee
3139,55081,Monroe
3140,55083,Oconto
3141,55085,Oneida
3142,55087,Outagamie
3143,55089,Ozaukee
3144,55091,Pepin
3145,55093,Pierce
3146,55095,Polk
3147,55097,Portage
3148,55099,Price
3149,55101,Racine
3150,55103,Richland
3151,55105,Rock
3152,55107,Rusk
3153,55109,St. Croix
3154,55111,Sauk
3155,55113,Sawyer
3156,55115,Shawano
3157,55117,Sheboygan
3158,55119,Taylor
3159,55121,Trempealeau
3160,55123,Vernon
3161,55125,Vilas
3162,55127,Walworth
3163,55129,Washburn
3164,55131,Washington
3165,55133,Waukesha
3166,55135,Waupaca
3167,55137,Waushara
3168,55139,Winnebago
3169,55141,Wood
3170,56000,Wyoming
3171,56001,Albany
3172,56003,Big Horn
3173,56005,Campbell
3174,56007,Carbon
3175,56009,Converse
3176,56011,Crook
3177,56013,Fremont
3178,56015,Goshen
3179,56017,Hot Springs
3180,56019,Johnson
3181,56021,Laramie
3182,56023,Lincoln
3183,56025,Natrona
3184,56027,Niobrara
3185,56029,Park
3186,56031,Platte
3187,56033,Sheridan
3188,56035,Sublette
3189,56037,Sweetwater
3190,56039,Teton
3191,56041,Uinta
3192,56043,Washakie
3193,56045,Weston
